epoch,train_loss,train_accuracy,valid_loss,valid_accuracy,test_loss,test_accuracy
1.0,0.009352027826568264,0.9937142857142857,0.023780218080473748,0.96,0.028489723846411023,0.9448275862068966
