epoch,train_loss,train_accuracy,valid_loss,valid_accuracy,test_loss,test_accuracy
1.0,0.00935202782656827,0.9937142857142857,0.023780218080184178,0.96,0.02848972384626027,0.9448275862068966
